{"cameraMode":{"drawMode":0,"name":"Shaded","section":"Shading Mode"},"sceneLighting":false,"audioPlay":false,"sceneViewState":{"m_AlwaysRefresh":false,"showFog":true,"showSkybox":false,"showFlares":true,"showImageEffects":true,"showParticleSystems":true,"showVisualEffectGraphs":true,"m_FxEnabled":true},"in2DMode":false,"pivot":{"x":0.7259304523468018,"y":2.482588291168213,"z":3.2799999713897707},"rotation":{"x":-0.12873931229114533,"y":0.12002675980329514,"z":-0.01569938287138939,"w":-0.9842613339424133},"size":0.8660253882408142,"orthographic":false}