{"cameraMode":{"drawMode":0,"name":"Shaded","section":"Shading Mode"},"sceneLighting":true,"audioPlay":false,"sceneViewState":{"m_AlwaysRefresh":false,"showFog":true,"showSkybox":true,"showFlares":true,"showImageEffects":true,"showParticleSystems":true,"showVisualEffectGraphs":true,"m_FxEnabled":true},"in2DMode":false,"pivot":{"x":13.931058883666993,"y":-1.159127950668335,"z":1.9488471746444703},"rotation":{"x":-0.11283858865499497,"y":-0.25890806317329409,"z":0.030549155548214914,"w":-0.9575632214546204},"size":18.48097038269043,"orthographic":false}